Country Name,1990,1991,1992,1993,1994,1995,1996,1997,1998,1999,2000,2001,2002,2003,2004,2005,2006,2007,2008,2009,2010,2011,2012,2013,2014,2015,2016,2017,2018,2019,2020
Aruba,100.0,99.15365600585942,99.1971282958984,99.2399139404297,100.0,100.0,100.0,100.0,100.0,100.0,91.660400390625,100.0,100.0,100.0,100.0,100.0,100.0,100.0,100.0,100.0,93.35629272460942,100.0,100.0,100.0,100.0,100.0,100.0,100.0,100.0,100.0,100.0
New Zealand,100.0,100.0,100.0,100.0,100.0,100.0,100.0,100.0,100.0,100.0,100.0,100.0,100.0,100.0,100.0,100.0,100.0,100.0,100.0,100.0,100.0,100.0,100.0,100.0,100.0,100.0,100.0,100.0,100.0,100.0,100.0
Nauru,98.99908447265629,99.0413055419922,99.0834197998047,99.1248550415039,99.16492462158199,99.2029571533203,99.2382659912109,99.2701797485352,99.2980117797852,99.3210067749023,99.4370880126953,99.4156341552734,99.38658905029301,99.3523178100586,99.31515502929692,99.2774505615234,99.2416305541992,99.8000030517578,99.18624877929692,99.17211151123051,99.1706314086914,99.0,99.2164459228516,99.2682113647461,99.3377914428711,99.0,99.71288299560551,99.8700408935547,99.92822265625,100.0,100.0
Norway,100.0,100.0,100.0,100.0,100.0,100.0,100.0,100.0,100.0,100.0,100.0,100.0,100.0,100.0,100.0,100.0,100.0,100.0,100.0,100.0,100.0,100.0,100.0,100.0,100.0,100.0,100.0,100.0,100.0,100.0,100.0
Netherlands,100.0,100.0,100.0,100.0,100.0,100.0,100.0,100.0,100.0,100.0,100.0,100.0,100.0,100.0,100.0,100.0,100.0,100.0,100.0,100.0,100.0,100.0,100.0,100.0,100.0,100.0,100.0,100.0,100.0,100.0,100.0
Nigeria,27.3,35.23460006713871,36.099460601806605,36.9636459350586,37.826469421386705,38.6872520446777,39.545318603515604,40.3999824523926,41.2505683898926,44.9,43.1214599609375,43.880672454834006,44.6323013305664,52.2000007629395,46.122200012207,46.865169525146506,47.610015869140604,50.1309204101563,50.2999992370605,49.8825073242188,48.0,55.9000015258789,53.2312431335449,55.5999984741211,54.0482292175293,52.5,59.2999992370605,54.4000015258789,56.5,55.4000015258789,55.4000015258789
New Caledonia,99.8443069458008,99.8758163452148,99.90686798095699,99.937255859375,99.96508026123051,100.0,100.0,100.0,100.0,100.0,100.0,100.0,100.0,100.0,100.0,100.0,100.0,100.0,100.0,100.0,100.0,100.0,100.0,100.0,100.0,100.0,100.0,100.0,100.0,100.0,100.0
North America,100.0,100.0,100.0,100.0,100.0,100.0,100.0,100.0,100.0,100.0,100.0,100.0,100.0,100.0,100.0,100.0,100.0,100.0,100.0,100.0,100.0,100.0,100.0,100.0,100.0,100.0,100.0,100.0,100.0,100.0,100.0
Mauritius,99.04156494140629,99.0706787109375,99.0996780395508,99.1280059814453,99.15496826171879,99.1798858642578,99.2020950317383,99.2208938598633,99.2356185913086,99.2455062866211,99.0,99.2647247314453,99.4000015258789,99.18551635742192,99.14041137695308,99.0947647094727,99.0509872436523,99.0117416381836,98.9797210693359,98.95763397216801,99.69000244140629,99.5999984741211,99.5686187744141,99.4805068969727,99.38037109375,99.3616104125977,99.48001098632808,99.6100006103516,99.44884490966801,100.0,99.66165161132808
Northern Mariana Islands,99.85326385498051,99.8843765258789,99.91503143310551,99.9449234008789,99.9716415405273,100.0,100.0,100.0,100.0,100.0,100.0,100.0,99.9876327514648,99.9618988037109,99.9228057861328,99.8775787353516,99.83319091796879,100.0,100.0,100.0,100.0,100.0,100.0,100.0,100.0,100.0,100.0,100.0,100.0,100.0,100.0
Montenegro,100.0,100.0,100.0,100.0,100.0,100.0,100.0,100.0,100.0,100.0,100.0,100.0,100.0,100.0,100.0,99.8302230834961,100.0,100.0,100.0,100.0,100.0,99.0,100.0,99.6999969482422,97.6999969482422,100.0,100.0,100.0,100.0,100.0,100.0
Malta,100.0,100.0,100.0,100.0,100.0,100.0,100.0,100.0,100.0,100.0,100.0,100.0,100.0,100.0,100.0,100.0,100.0,100.0,100.0,100.0,100.0,100.0,100.0,100.0,100.0,100.0,100.0,100.0,100.0,100.0,100.0
North Macedonia,100.0,100.0,100.0,100.0,100.0,100.0,100.0,100.0,100.0,100.0,100.0,100.0,100.0,100.0,99.4199981689453,100.0,99.0,100.0,99.1999969482422,99.1999969482422,100.0,99.72616577148442,100.0,100.0,100.0,100.0,100.0,100.0,99.8000030517578,100.0,100.0
Moldova,100.0,100.0,100.0,100.0,100.0,100.0,100.0,100.0,100.0,100.0,100.0,100.0,99.0,100.0,99.0999984741211,98.5999984741211,100.0,100.0,100.0,100.0,100.0,100.0,100.0,100.0,100.0,100.0,100.0,99.9800033569336,99.98999786376949,100.0,100.0
Monaco,100.0,100.0,100.0,100.0,100.0,100.0,100.0,100.0,100.0,100.0,100.0,100.0,100.0,100.0,100.0,100.0,100.0,100.0,100.0,100.0,100.0,100.0,100.0,100.0,100.0,100.0,100.0,100.0,100.0,100.0,100.0
St. Martin (French part),100.0,100.0,100.0,100.0,100.0,100.0,100.0,100.0,100.0,100.0,100.0,100.0,100.0,100.0,100.0,100.0,100.0,99.99740600585942,99.9841156005859,99.9549026489258,100.0,100.0,100.0,100.0,100.0,100.0,100.0,100.0,100.0,100.0,100.0
"Macao SAR, China",99.8492813110352,99.88058471679692,99.9114303588867,99.94161987304692,100.0,100.0,100.0,100.0,100.0,100.0,100.0,100.0,100.0,100.0,100.0,100.0,100.0,100.0,100.0,100.0,100.0,100.0,100.0,100.0,100.0,100.0,100.0,100.0,100.0,100.0,100.0
Latvia,100.0,100.0,100.0,100.0,100.0,100.0,100.0,100.0,100.0,100.0,100.0,100.0,100.0,100.0,100.0,100.0,100.0,100.0,100.0,100.0,100.0,100.0,100.0,100.0,100.0,100.0,100.0,100.0,100.0,100.0,100.0
Luxembourg,100.0,100.0,100.0,100.0,100.0,100.0,100.0,100.0,100.0,100.0,100.0,100.0,100.0,100.0,100.0,100.0,100.0,100.0,100.0,100.0,100.0,100.0,100.0,100.0,100.0,100.0,100.0,100.0,100.0,100.0,100.0
Lithuania,100.0,100.0,100.0,100.0,100.0,100.0,100.0,100.0,100.0,100.0,100.0,100.0,100.0,100.0,100.0,100.0,100.0,100.0,100.0,100.0,100.0,100.0,100.0,100.0,100.0,100.0,100.0,100.0,100.0,100.0,100.0
Liechtenstein,100.0,100.0,100.0,100.0,100.0,100.0,100.0,100.0,100.0,100.0,100.0,100.0,100.0,100.0,100.0,100.0,100.0,100.0,100.0,100.0,100.0,100.0,100.0,100.0,100.0,100.0,100.0,100.0,100.0,100.0,100.0
Kuwait,100.0,100.0,100.0,100.0,100.0,100.0,100.0,100.0,100.0,100.0,100.0,100.0,100.0,100.0,100.0,100.0,100.0,100.0,100.0,100.0,100.0,100.0,100.0,100.0,100.0,100.0,100.0,100.0,100.0,100.0,100.0
"Korea, Rep.",99.88284301757808,99.9126739501953,99.9422149658203,99.9694366455078,99.9891204833984,100.0,100.0,100.0,100.0,100.0,100.0,100.0,100.0,100.0,100.0,100.0,100.0,100.0,100.0,100.0,100.0,100.0,100.0,100.0,100.0,100.0,100.0,100.0,100.0,100.0,100.0
St. Kitts and Nevis,91.3068161010742,91.67117309570308,92.03543090820308,92.3990020751953,92.7612075805664,93.1213836669922,93.4788360595703,93.8328857421875,94.182861328125,94.5279922485352,95.2815399169922,93.52999877929692,95.8031845092773,96.0549850463867,96.30389404296879,96.5522689819336,96.80252075195308,97.0572891235352,97.3192901611328,97.5912246704102,99.84339141845699,100.0,100.0,100.0,100.0,100.0,100.0,100.0,100.0,100.0,100.0
OECD members,99.5424008554005,99.64097553552591,99.1164507048308,99.31714142899109,99.30660350889549,99.307844397422,99.3869418687773,99.4195350975606,99.4172227914859,99.47132368226009,99.64102661011628,99.6690124899351,99.61374333634741,99.59709719135721,99.688657974332,99.76665132110409,99.7659490665994,99.65007839776409,99.7627947546636,99.68897636056221,99.8105647791882,99.7889688978717,99.81385498275641,99.83757738035341,99.844136019506,99.83793114531841,99.89476963141908,99.94009489638441,99.8976007455723,99.95255091595371,99.9432847912632
Japan,100.0,100.0,100.0,100.0,100.0,100.0,100.0,100.0,100.0,100.0,100.0,100.0,100.0,100.0,100.0,100.0,100.0,100.0,100.0,100.0,100.0,100.0,100.0,100.0,100.0,100.0,100.0,100.0,100.0,100.0,100.0
Oman,100.0,100.0,100.0,100.0,100.0,100.0,100.0,100.0,100.0,100.0,100.0,100.0,100.0,100.0,100.0,100.0,100.0,100.0,100.0,100.0,100.0,100.0,100.0,100.0,100.0,100.0,100.0,100.0,100.0,100.0,100.0
Palau,96.6253509521484,96.76270294189449,96.89993286132808,97.03649139404301,97.1716842651367,97.30484008789058,97.43527221679692,97.5623092651367,97.6852645874023,97.80337524414058,98.1689987182617,98.2285537719727,98.280517578125,98.3272476196289,98.37109375,98.91650390625,98.45958709716801,98.5092926025391,98.56622314453129,98.6330947875977,98.71261596679692,98.80750274658199,97.6304244995117,99.05323028564449,99.810302734375,99.3692398071289,100.0,100.0,100.0,100.0,100.0
Virgin Islands (U.S.),100.0,100.0,100.0,100.0,100.0,100.0,100.0,100.0,100.0,100.0,100.0,100.0,100.0,100.0,100.0,100.0,100.0,100.0,100.0,100.0,100.0,100.0,100.0,100.0,100.0,100.0,100.0,100.0,100.0,100.0,100.0
British Virgin Islands,94.60655975341801,94.82473754882808,95.0428009033203,95.26019287109379,95.4762191772461,95.6902008056641,95.9014739990234,96.1093368530273,96.3131256103516,96.51207733154301,97.4126968383789,97.5228271484375,97.6253662109375,97.7226715087891,97.8170928955078,97.91098022460942,98.0067291259766,98.1070098876953,98.2145156860352,98.33197021484379,98.3000030517578,98.6572952270508,98.8501663208008,99.02111053466801,99.18002319335942,100.0,100.0,100.0,100.0,100.0,100.0
United States,100.0,100.0,100.0,100.0,100.0,100.0,100.0,100.0,100.0,100.0,100.0,100.0,100.0,100.0,100.0,100.0,100.0,100.0,100.0,100.0,100.0,100.0,100.0,100.0,100.0,100.0,100.0,100.0,100.0,100.0,100.0
Ukraine,100.0,100.0,100.0,100.0,100.0,100.0,100.0,100.0,100.0,100.0,100.0,100.0,100.0,100.0,100.0,99.88555908203129,100.0,99.8000030517578,100.0,100.0,100.0,100.0,99.86749267578129,100.0,100.0,100.0,100.0,100.0,100.0,100.0,100.0
Europe & Central Asia (IDA & IBRD countries),100.0,100.0,100.0,100.0,100.0,99.99509455968658,99.93650102602041,99.92303509536949,99.9272980685426,99.7199372309397,99.8994525951149,99.90613155606181,99.92324953239799,99.94332452525221,99.91670644916019,99.8973866816318,99.891730922619,99.9023002559567,99.9199092586783,99.9267823194483,99.948116310366,99.9351858340402,99.9619796245363,99.9542813281277,99.9655729275915,98.5070793146613,99.9391438151003,99.98281941716742,99.9836360467292,99.9865143284425,99.99063693975691
Turks and Caicos Islands,88.7,91.0539093017578,91.43911743164058,91.8236465454102,92.20681762695308,92.5879440307617,92.9663467407227,93.3413619995117,93.71228790283199,94.07837677001949,95.5999984741211,94.870361328125,95.1637191772461,95.45184326171879,95.7370758056641,96.0217742919922,96.308349609375,96.5994415283203,96.89776611328129,100.0,100.0,100.0,93.0999984741211,100.0,100.0,100.0,100.0,100.0,100.0,100.0,99.4000015258789
Sint Maarten (Dutch part),100.0,100.0,100.0,100.0,100.0,100.0,100.0,100.0,100.0,100.0,100.0,100.0,100.0,100.0,100.0,100.0,100.0,99.99740600585942,99.9841156005859,99.9549026489258,100.0,100.0,100.0,100.0,100.0,100.0,100.0,100.0,100.0,100.0,100.0
Sweden,100.0,100.0,100.0,100.0,100.0,100.0,100.0,100.0,100.0,100.0,100.0,100.0,100.0,100.0,100.0,100.0,100.0,100.0,100.0,100.0,100.0,100.0,100.0,100.0,100.0,100.0,100.0,100.0,100.0,100.0,100.0
Slovenia,100.0,100.0,100.0,100.0,100.0,100.0,100.0,100.0,100.0,100.0,100.0,100.0,100.0,100.0,100.0,100.0,100.0,100.0,100.0,100.0,100.0,100.0,100.0,100.0,100.0,100.0,100.0,100.0,100.0,100.0,100.0
Slovak Republic,100.0,100.0,100.0,100.0,100.0,100.0,100.0,100.0,100.0,100.0,100.0,100.0,100.0,100.0,100.0,100.0,100.0,100.0,100.0,100.0,100.0,100.0,100.0,100.0,100.0,100.0,100.0,100.0,100.0,100.0,100.0
Serbia,100.0,100.0,100.0,100.0,100.0,100.0,100.0,100.0,100.0,100.0,100.0,100.0,100.0,100.0,100.0,99.6907196044922,100.0,100.0,100.0,100.0,99.7183990478516,100.0,100.0,99.9199981689453,99.66079711914058,99.9000015258789,100.0,100.0,100.0,99.8000030517578,100.0
San Marino,100.0,100.0,100.0,100.0,100.0,100.0,100.0,100.0,100.0,100.0,100.0,100.0,100.0,100.0,100.0,100.0,100.0,100.0,100.0,100.0,100.0,100.0,100.0,100.0,100.0,100.0,100.0,100.0,100.0,100.0,100.0
Singapore,100.0,100.0,100.0,100.0,100.0,100.0,100.0,100.0,100.0,100.0,100.0,100.0,100.0,100.0,100.0,100.0,100.0,100.0,100.0,100.0,100.0,100.0,100.0,100.0,100.0,100.0,100.0,100.0,100.0,100.0,100.0
Sudan,32.8,26.9192943572998,27.4086132049561,27.897253036499,28.384534835815398,28.8697834014893,29.35231590271,29.8314571380615,30.306528091430696,30.776756286621104,23.0,29.255226135253896,29.5256023406982,29.7905673980713,30.052392959594698,30.313346862793,30.575792312622102,30.8424415588379,19.9699993133545,29.0,38.03977584838871,39.8208045959473,41.5919952392578,43.3435173034668,44.9000015258789,46.903106689453104,48.849403381347706,50.7547187805176,52.4470024108887,53.9625396728516,55.3897018432617
Saudi Arabia,100.0,100.0,100.0,100.0,100.0,100.0,100.0,100.0,100.0,100.0,100.0,100.0,100.0,100.0,100.0,100.0,100.0,100.0,100.0,100.0,100.0,100.0,100.0,100.0,100.0,100.0,99.9000015258789,99.9300003051758,100.0,100.0,100.0
Russian Federation,100.0,100.0,100.0,100.0,100.0,100.0,100.0,100.0,100.0,100.0,100.0,100.0,100.0,100.0,100.0,100.0,100.0,100.0,100.0,100.0,100.0,100.0,100.0,100.0,100.0,95.5,100.0,100.0,100.0,100.0,100.0
Romania,100.0,100.0,100.0,100.0,100.0,100.0,100.0,100.0,100.0,100.0,100.0,100.0,100.0,100.0,100.0,100.0,100.0,100.0,100.0,100.0,100.0,100.0,100.0,100.0,100.0,100.0,99.0999984741211,100.0,100.0,100.0,100.0
Qatar,100.0,100.0,100.0,100.0,100.0,100.0,100.0,100.0,100.0,100.0,100.0,100.0,100.0,100.0,100.0,100.0,100.0,100.0,100.0,100.0,100.0,100.0,100.0,100.0,100.0,100.0,100.0,100.0,100.0,100.0,100.0
French Polynesia,100.0,100.0,100.0,100.0,100.0,100.0,100.0,100.0,100.0,100.0,100.0,100.0,100.0,100.0,100.0,100.0,100.0,100.0,100.0,100.0,100.0,100.0,100.0,100.0,100.0,100.0,100.0,100.0,100.0,100.0,100.0
Post-demographic dividend,99.9943965592541,99.9957493507469,99.997093880287,99.9983400992968,99.9992618001741,99.99976587581341,99.9997741184928,99.99978242122779,99.99979086535092,99.99979950007351,99.9671193131082,99.9565468658823,99.945624243566,99.9620378281069,99.9636557331179,99.9596690911046,99.9649185489337,99.958994851966,99.97067415480758,99.97241645709829,99.9743668518813,99.975046408321,99.97312364696622,99.9794748969496,99.98368241322571,99.98547026290208,99.9892481895009,99.9921580985287,99.99510942893471,99.997963727551,99.99813813068408
Portugal,100.0,100.0,100.0,100.0,100.0,100.0,100.0,100.0,100.0,100.0,100.0,100.0,100.0,100.0,100.0,100.0,100.0,100.0,100.0,100.0,100.0,100.0,100.0,100.0,100.0,100.0,100.0,100.0,100.0,100.0,100.0
Puerto Rico,99.98342895507808,99.9930953979492,99.9986190795898,100.0,100.0,100.0,100.0,100.0,100.0,100.0,100.0,100.0,100.0,100.0,100.0,100.0,100.0,100.0,100.0,100.0,100.0,100.0,100.0,100.0,100.0,100.0,100.0,100.0,100.0,100.0,100.0
Poland,100.0,100.0,100.0,100.0,100.0,100.0,100.0,100.0,100.0,100.0,100.0,100.0,100.0,100.0,100.0,100.0,100.0,100.0,100.0,100.0,100.0,100.0,100.0,100.0,100.0,100.0,100.0,100.0,100.0,100.0,100.0
Panama,70.19,73.44313049316409,74.2556381225586,75.0674591064453,75.8779220581055,76.68634033203129,77.4920425415039,78.2943496704102,79.0925750732422,79.8859558105469,81.4014129638672,81.4562530517578,82.2009201049805,87.8000030517578,83.6769027709961,84.4129104614258,85.1507949829102,85.893196105957,86.6428375244141,87.4024124145508,86.8499984741211,88.96221923828129,89.7678680419922,89.0999984741211,91.43663787841801,92.29476928710942,93.1647720336914,93.6999969482422,94.9285202026367,95.8163299560547,96.7046356201172
Kosovo,100.0,100.0,100.0,100.0,100.0,100.0,100.0,100.0,100.0,100.0,99.9090909090909,99.81818181818181,99.72727272727273,99.63636363636364,99.54545454545455,99.45454545454545,99.36363636363636,99.27272727272727,99.18181818181819,99.0909090909091,99.0,99.375,99.75,99.75,99.6800003051758,99.8600006103516,99.8000030517578,99.8000030517578,99.9000015258789,100.0,100.0
Jordan,96.8,97.8546829223633,97.97486114501949,98.0943603515625,98.2125015258789,98.3285980224609,98.4419784545898,98.9,98.6578521728516,98.7589111328125,98.9342727661133,98.9780654907227,99.5,99.0452499389648,99.1734390258789,99.10089111328129,100.0,98.8000030517578,100.0,99.4000015258789,100.0,99.6515655517578,99.5,99.7014389038086,99.7484970092773,99.8981704711914,99.9588241577148,100.0,99.9000015258789,100.0,99.9000015258789
Italy,100.0,100.0,100.0,100.0,100.0,100.0,100.0,100.0,100.0,100.0,100.0,100.0,100.0,100.0,100.0,100.0,100.0,100.0,100.0,100.0,100.0,100.0,100.0,100.0,100.0,100.0,100.0,100.0,100.0,100.0,100.0
Colombia,89.9,91.8366546630859,92.13265991210942,92.4279937744141,92.7219619750977,91.2,93.3031005859375,93.5889129638672,93.8706436157227,94.1475296020508,95.1999969482422,98.47000122070308,94.9055023193359,95.1293487548828,95.35031127929692,96.8000030517578,95.79302978515629,96.0198440551758,96.8067626953125,96.0572280883789,96.7889938354492,96.693603515625,97.0321731567383,97.7794189453125,97.7909393310547,98.18689727783199,98.4000015258789,98.5,98.5,99.75592041015629,100.0
Chile,92.257427,94.78162384033199,94.560057,95.2737274169922,95.51807403564449,95.76038360595699,95.617315,96.2361679077148,97.241124,96.69554901123051,97.93869018554692,97.1158065795898,97.28368377685551,98.7823257446289,97.60608673095699,97.7653121948242,99.3681106567383,98.0920181274414,98.2648696899414,99.59365844726558,99.53839111328129,99.58819580078129,100.0,99.5999984741211,100.0,99.71484375,100.0,99.6999969482422,100.0,100.0,100.0
Channel Islands,100.0,100.0,100.0,100.0,100.0,100.0,100.0,100.0,100.0,100.0,100.0,100.0,100.0,100.0,100.0,100.0,100.0,100.0,100.0,100.0,100.0,100.0,100.0,100.0,100.0,100.0,100.0,100.0,100.0,100.0,100.0
Switzerland,100.0,100.0,100.0,100.0,100.0,100.0,100.0,100.0,100.0,100.0,100.0,100.0,100.0,100.0,100.0,100.0,100.0,100.0,100.0,100.0,100.0,100.0,100.0,100.0,100.0,100.0,100.0,100.0,100.0,100.0,100.0
Central Europe and the Baltics,100.0,100.0,100.0,100.0,100.0,100.0,100.0,100.0,100.0,100.0,100.0,100.0,100.0,100.0,100.0,100.0,100.0,100.0,100.0,100.0,100.0,100.0,100.0,100.0,100.0,100.0,99.82783441267219,100.0,100.0,100.0,99.97964003333021
Canada,100.0,100.0,100.0,100.0,100.0,100.0,100.0,100.0,100.0,100.0,100.0,100.0,100.0,100.0,100.0,100.0,100.0,100.0,100.0,100.0,100.0,100.0,100.0,100.0,100.0,100.0,100.0,100.0,100.0,100.0,100.0
Brunei Darussalam,100.0,100.0,100.0,100.0,100.0,100.0,100.0,100.0,100.0,100.0,100.0,100.0,100.0,100.0,100.0,100.0,100.0,100.0,100.0,100.0,100.0,100.0,100.0,100.0,100.0,100.0,100.0,100.0,100.0,100.0,100.0
Barbados,99.9842529296875,99.99343872070308,99.99868774414058,100.0,100.0,100.0,100.0,100.0,100.0,100.0,100.0,100.0,100.0,100.0,99.9967422485352,99.9804534912109,100.0,100.0,100.0,100.0,100.0,100.0,100.0,100.0,100.0,100.0,100.0,100.0,100.0,100.0,100.0
Brazil,87.475116,90.6065444946289,88.803833,89.999927,91.88372802734379,91.728598,92.86709499999999,93.354139,94.193812,94.76295999999999,94.39171600341801,96.0165252685547,96.6529922485352,96.98009490966801,96.76510620117192,97.09351348876949,97.5943145751953,98.1253814697266,98.5266265869141,98.85694122314449,98.5999984741211,99.3286895751953,99.5194931030273,99.5751495361328,99.6502456665039,99.7108993530273,99.6999969482422,99.8000030517578,99.6999969482422,99.8000030517578,100.0
Bermuda,100.0,100.0,100.0,100.0,100.0,100.0,100.0,100.0,100.0,100.0,100.0,100.0,100.0,100.0,100.0,100.0,100.0,100.0,100.0,100.0,100.0,100.0,100.0,100.0,100.0,100.0,100.0,100.0,100.0,100.0,100.0
Belarus,100.0,100.0,100.0,100.0,100.0,100.0,100.0,100.0,100.0,100.0,100.0,100.0,100.0,100.0,100.0,100.0,100.0,100.0,100.0,100.0,100.0,100.0,100.0,100.0,100.0,100.0,100.0,100.0,100.0,100.0,100.0
Bosnia and Herzegovina,100.0,100.0,100.0,100.0,100.0,100.0,100.0,100.0,100.0,100.0,100.0,99.4000015258789,98.5,100.0,100.0,100.0,99.3872756958008,99.6999969482422,100.0,100.0,100.0,99.70578002929692,100.0,99.5,100.0,99.6999969482422,100.0,100.0,100.0,100.0,100.0
"Bahamas, The",100.0,100.0,100.0,100.0,100.0,100.0,100.0,100.0,100.0,100.0,100.0,100.0,100.0,100.0,100.0,100.0,100.0,100.0,100.0,100.0,100.0,100.0,100.0,100.0,100.0,100.0,100.0,100.0,100.0,100.0,100.0
Bahrain,99.94139862060551,99.9673919677734,99.9871826171875,99.9971389770508,99.9997711181641,100.0,100.0,100.0,100.0,100.0,100.0,100.0,100.0,100.0,100.0,100.0,100.0,100.0,100.0,100.0,100.0,100.0,100.0,100.0,100.0,100.0,100.0,100.0,100.0,100.0,100.0
Bulgaria,100.0,100.0,100.0,100.0,100.0,100.0,100.0,100.0,100.0,100.0,100.0,100.0,100.0,100.0,100.0,100.0,100.0,100.0,100.0,100.0,100.0,100.0,100.0,100.0,100.0,100.0,100.0,100.0,100.0,100.0,99.6999969482422
Belgium,100.0,100.0,100.0,100.0,100.0,100.0,100.0,100.0,100.0,100.0,100.0,100.0,100.0,100.0,100.0,100.0,100.0,100.0,100.0,100.0,100.0,100.0,100.0,100.0,100.0,100.0,100.0,100.0,100.0,100.0,100.0
Austria,100.0,100.0,100.0,100.0,100.0,100.0,100.0,100.0,100.0,100.0,100.0,100.0,100.0,100.0,100.0,100.0,100.0,100.0,100.0,100.0,100.0,100.0,100.0,100.0,100.0,100.0,100.0,100.0,100.0,100.0,100.0
Australia,100.0,100.0,100.0,100.0,100.0,100.0,100.0,100.0,100.0,100.0,100.0,100.0,100.0,100.0,100.0,100.0,100.0,100.0,100.0,100.0,100.0,100.0,100.0,100.0,100.0,100.0,100.0,100.0,100.0,100.0,100.0
Antigua and Barbuda,95.7630462646484,95.9406509399414,96.11813354492192,96.2949447631836,96.4703903198242,96.643798828125,96.81448364257808,96.9817733764648,97.1449813842773,97.30335235595699,97.6892623901367,97.7852554321289,100.0,97.9568252563477,98.03710174560551,92.1999969482422,100.0,100.0,100.0,98.4812774658203,98.5972366333008,94.5520172119141,100.0,100.0,100.0,100.0,100.0,100.0,100.0,100.0,100.0
Argentina,92.1548004150391,92.4921875,92.8294525146484,93.16604614257808,93.5012741088867,93.83446502685551,94.1649398803711,94.4920120239258,94.81500244140629,95.1331558227539,95.7832870483398,95.5110626220703,96.2288665771484,96.44263458251949,96.65350341796879,96.8638458251953,97.07605743408199,97.2927932739258,97.51675415039058,97.7506561279297,98.8199996948242,99.0953521728516,99.22998046875,99.3426742553711,100.0,99.6253890991211,99.84957885742192,100.0,99.9895782470703,100.0,100.0
United Arab Emirates,100.0,100.0,100.0,100.0,100.0,100.0,100.0,100.0,100.0,100.0,100.0,100.0,100.0,100.0,100.0,100.0,100.0,100.0,100.0,100.0,100.0,100.0,100.0,100.0,100.0,100.0,100.0,100.0,100.0,100.0,100.0
Andorra,100.0,100.0,100.0,100.0,100.0,100.0,100.0,100.0,100.0,100.0,100.0,100.0,100.0,100.0,100.0,100.0,100.0,100.0,100.0,100.0,100.0,100.0,100.0,100.0,100.0,100.0,100.0,100.0,100.0,100.0,100.0
Albania,100.0,100.0,100.0,100.0,100.0,100.0,100.0,100.0,100.0,100.0,100.0,100.0,100.0,100.0,100.0,100.0,100.0,100.0,100.0,100.0,100.0,100.0,99.9000015258789,100.0,99.9499969482422,99.9800033569336,99.8899993896484,99.8899993896484,100.0,100.0,100.0
Curacao,100.0,100.0,100.0,100.0,100.0,100.0,100.0,100.0,100.0,100.0,100.0,100.0,100.0,100.0,100.0,100.0,100.0,99.99740600585942,99.9841156005859,99.9549026489258,100.0,100.0,100.0,100.0,100.0,100.0,100.0,100.0,100.0,100.0,100.0
Jamaica,70.334586,77.22886657714841,78.0329208374023,78.836296081543,79.638313293457,80.43829345703129,85.70604499999999,82.02940368652341,82.8191757202148,84.554112,84.3941345214844,87.7081146240234,86.6812896728516,86.6085662841797,87.3378067016602,88.0665054321289,88.7970809936523,89.5321807861328,92.0,91.0267791748047,92.1999969482422,91.0999984741211,93.0999984741211,93.9000015258789,93.3000030517578,94.9000015258789,96.7379837036133,97.6095809936523,98.48712158203129,99.3676223754883,100.0
Cayman Islands,99.846923828125,99.87881469726558,99.9102401733398,100.0,100.0,100.0,100.0,100.0,100.0,100.0,100.0,100.0,100.0,100.0,100.0,100.0,100.0,100.0,100.0,100.0,100.0,100.0,100.0,100.0,100.0,100.0,100.0,100.0,100.0,100.0,100.0
Czech Republic,100.0,100.0,100.0,100.0,100.0,100.0,100.0,100.0,100.0,100.0,100.0,100.0,100.0,100.0,100.0,100.0,100.0,100.0,100.0,100.0,100.0,100.0,100.0,100.0,100.0,100.0,100.0,100.0,100.0,100.0,100.0
Israel,100.0,100.0,100.0,100.0,100.0,100.0,100.0,100.0,100.0,100.0,100.0,100.0,100.0,100.0,100.0,100.0,100.0,100.0,100.0,100.0,100.0,100.0,100.0,100.0,100.0,100.0,100.0,100.0,100.0,100.0,100.0
Iceland,100.0,100.0,100.0,100.0,100.0,100.0,100.0,100.0,100.0,100.0,100.0,100.0,100.0,100.0,100.0,100.0,100.0,100.0,100.0,100.0,100.0,100.0,100.0,100.0,100.0,100.0,100.0,100.0,100.0,100.0,100.0
Ireland,100.0,100.0,100.0,100.0,100.0,100.0,100.0,100.0,100.0,100.0,100.0,100.0,100.0,100.0,100.0,100.0,100.0,100.0,100.0,100.0,100.0,100.0,100.0,100.0,100.0,100.0,100.0,100.0,100.0,100.0,100.0
Isle of Man,100.0,100.0,100.0,100.0,100.0,100.0,100.0,100.0,100.0,100.0,100.0,100.0,100.0,100.0,100.0,100.0,100.0,100.0,100.0,100.0,100.0,100.0,100.0,100.0,100.0,100.0,100.0,100.0,100.0,100.0,100.0
Hungary,100.0,100.0,100.0,100.0,100.0,100.0,100.0,100.0,100.0,100.0,100.0,100.0,100.0,100.0,100.0,100.0,100.0,100.0,100.0,100.0,100.0,100.0,100.0,100.0,100.0,100.0,100.0,100.0,100.0,100.0,100.0
Croatia,100.0,100.0,100.0,100.0,100.0,100.0,100.0,100.0,100.0,100.0,100.0,100.0,100.0,100.0,100.0,100.0,100.0,100.0,100.0,100.0,100.0,100.0,100.0,100.0,100.0,100.0,100.0,100.0,100.0,100.0,100.0
"Hong Kong SAR, China",100.0,100.0,100.0,100.0,100.0,100.0,100.0,100.0,100.0,100.0,100.0,100.0,100.0,100.0,100.0,100.0,100.0,100.0,100.0,100.0,100.0,100.0,100.0,100.0,100.0,100.0,100.0,100.0,100.0,100.0,100.0
High income,99.81796576212321,99.85930337374208,99.84660045172441,99.85866820501758,99.8634909895524,99.86897603394328,99.8653431832851,99.87846608101842,99.8942462045598,99.88823865736971,99.89935780157231,99.8945368308765,99.89917289680349,99.9366892819336,99.9075514594545,99.91151184270392,99.94108635423409,99.92458155789991,99.929244258783,99.9504340640924,99.9486889580269,99.95561428830709,99.9654235625918,99.95709151984809,99.97069420955299,99.96909468861651,99.95847509677981,99.97133102953079,99.9818667011525,99.9850468228112,99.98829845100842
Guam,99.8443069458008,99.8758163452148,99.90686798095699,99.937255859375,99.96508026123051,100.0,100.0,100.0,100.0,100.0,100.0,100.0,100.0,100.0,100.0,100.0,100.0,100.0,100.0,100.0,100.0,100.0,100.0,100.0,100.0,100.0,100.0,100.0,100.0,100.0,100.0
Greenland,100.0,100.0,100.0,100.0,100.0,100.0,100.0,100.0,100.0,100.0,100.0,100.0,100.0,100.0,100.0,100.0,100.0,100.0,100.0,100.0,100.0,100.0,100.0,100.0,100.0,100.0,100.0,100.0,100.0,100.0,100.0
Greece,100.0,100.0,100.0,100.0,100.0,100.0,100.0,100.0,100.0,100.0,100.0,100.0,100.0,100.0,100.0,100.0,100.0,100.0,100.0,100.0,100.0,100.0,100.0,100.0,100.0,100.0,100.0,100.0,100.0,100.0,100.0
Gibraltar,100.0,100.0,100.0,100.0,100.0,100.0,100.0,100.0,100.0,100.0,100.0,100.0,100.0,100.0,100.0,100.0,100.0,100.0,100.0,100.0,100.0,100.0,100.0,100.0,100.0,100.0,100.0,100.0,100.0,100.0,100.0
United Kingdom,100.0,100.0,100.0,100.0,100.0,100.0,100.0,100.0,100.0,100.0,100.0,100.0,100.0,100.0,100.0,100.0,100.0,100.0,100.0,100.0,100.0,100.0,100.0,100.0,100.0,100.0,100.0,100.0,100.0,100.0,100.0
Faroe Islands,100.0,100.0,100.0,100.0,100.0,100.0,100.0,100.0,100.0,100.0,100.0,100.0,100.0,100.0,100.0,100.0,100.0,100.0,100.0,100.0,100.0,100.0,100.0,100.0,100.0,100.0,100.0,100.0,100.0,100.0,100.0
France,100.0,100.0,100.0,100.0,100.0,100.0,100.0,100.0,100.0,100.0,100.0,100.0,100.0,100.0,100.0,100.0,100.0,100.0,100.0,100.0,100.0,100.0,100.0,100.0,100.0,100.0,100.0,100.0,100.0,100.0,100.0
Finland,100.0,100.0,100.0,100.0,100.0,100.0,100.0,100.0,100.0,100.0,100.0,100.0,100.0,100.0,100.0,100.0,100.0,100.0,100.0,100.0,100.0,100.0,100.0,100.0,100.0,100.0,100.0,100.0,100.0,100.0,100.0
European Union,100.0,100.0,100.0,100.0,100.0,100.0,100.0,100.0,100.0,100.0,100.0,100.0,100.0,100.0,100.0,100.0,100.0,100.0,100.0,100.0,100.0,100.0,100.0,100.0,100.0,100.0,99.96019627664431,100.0,100.0,100.0,99.9953512380042
Estonia,100.0,100.0,100.0,100.0,100.0,100.0,100.0,100.0,100.0,100.0,100.0,100.0,100.0,100.0,100.0,100.0,100.0,100.0,100.0,100.0,100.0,100.0,100.0,100.0,100.0,100.0,100.0,100.0,100.0,100.0,100.0
Spain,100.0,100.0,100.0,100.0,100.0,100.0,100.0,100.0,100.0,100.0,100.0,100.0,100.0,100.0,100.0,100.0,100.0,100.0,100.0,100.0,100.0,100.0,100.0,100.0,100.0,100.0,100.0,100.0,100.0,100.0,100.0
Euro area,100.0,100.0,100.0,100.0,100.0,100.0,100.0,100.0,100.0,100.0,100.0,100.0,100.0,100.0,100.0,100.0,100.0,100.0,100.0,100.0,100.0,100.0,100.0,100.0,100.0,100.0,100.0,100.0,100.0,100.0,100.0
Europe & Central Asia,100.0,100.0,100.0,100.0,100.0,99.9978745224497,99.9714883174473,99.96526557285509,99.96726836562608,99.8715423604406,99.94939642408659,99.9528656956635,99.9615617943828,99.9716814492169,99.95847295246891,99.94894878771359,99.94623596866859,99.9515832665028,99.96036656496429,99.9637749415269,99.9742658159395,99.9678361247815,99.9810754122,99.9772262352054,99.9828399900704,99.2553035277639,99.96962217158381,99.9914164447254,99.9918353726555,99.99325153054359,99.99532134451509
Denmark,100.0,100.0,100.0,100.0,100.0,100.0,100.0,100.0,100.0,100.0,100.0,100.0,100.0,100.0,100.0,100.0,100.0,100.0,100.0,100.0,100.0,100.0,100.0,100.0,100.0,100.0,100.0,100.0,100.0,100.0,100.0
Germany,100.0,100.0,100.0,100.0,100.0,100.0,100.0,100.0,100.0,100.0,100.0,100.0,100.0,100.0,100.0,100.0,100.0,100.0,100.0,100.0,100.0,100.0,100.0,100.0,100.0,100.0,100.0,100.0,100.0,100.0,100.0
Cyprus,100.0,100.0,100.0,100.0,100.0,100.0,100.0,100.0,100.0,100.0,100.0,100.0,100.0,100.0,100.0,100.0,100.0,100.0,100.0,100.0,100.0,100.0,100.0,100.0,100.0,100.0,100.0,100.0,100.0,100.0,100.0
Zambia,13.9,12.7527027130127,19.2,14.213207244872999,14.941759109497099,15.668272018432601,17.3,17.1124591827393,19.0,18.5402450561523,16.7000007629395,20.1723861694336,17.3999996185303,18.5,20.2999992370605,23.3213081359863,24.107257843017603,18.5,25.6954288482666,26.5030708312988,22.0,28.159009933471697,29.0127258300781,29.886272430419897,27.899999618530302,31.100000381469698,35.425453186035206,40.2999992370605,40.31789016723629,43.0,44.5244750976563
