Country Name,2009,2010,2011,2012,2013,2014,2015,2016,2017,2018,2019,2020
Aruba,100.0,93.35629272460942,100.0,100.0,100.0,100.0,100.0,100.0,100.0,100.0,100.0,100.0
Africa Eastern and Southern,26.1815567981524,27.5571371356059,29.0898268292514,31.8443844038242,31.794159992765998,32.001026781227004,33.871910464612895,38.8801732244203,40.261357595893,43.061876950923995,44.27086047893379,45.803485229386794
Afghanistan,46.7400512695313,42.7000007629395,43.222019195556605,69.09999847412111,68.2906494140625,89.5,71.5,97.6999969482422,97.6999969482422,96.6161346435547,97.6999969482422,97.6999969482422
Africa Western and Central,41.8168606925896,41.799857956191396,45.911473978079606,44.1679733535959,47.0483161636866,47.5993227916858,46.766294363927706,50.953486684310505,48.8611912179155,51.259711642201204,51.290192989664796,52.1116010037919
Angola,33.802188873291,34.895637512206996,34.5999984741211,37.131320953369105,38.2780303955078,32.0,42.0,41.81312942504879,43.01325988769529,45.290000915527294,45.6427993774414,46.8906097412109
Albania,100.0,100.0,100.0,99.9000015258789,100.0,99.9499969482422,99.9800033569336,99.8899993896484,99.8899993896484,100.0,100.0,100.0
Andorra,100.0,100.0,100.0,100.0,100.0,100.0,100.0,100.0,100.0,100.0,100.0,100.0
Arab World,84.3134837956566,87.11486281459699,87.33266124002729,87.0395883900211,88.992619805618,88.0153561759997,88.68188567069599,89.195062354407,90.32465949054631,88.9107494038454,89.99994555041141,90.2777350826821
United Arab Emirates,100.0,100.0,100.0,100.0,100.0,100.0,100.0,100.0,100.0,100.0,100.0,100.0
Argentina,97.7506561279297,98.8199996948242,99.0953521728516,99.22998046875,99.3426742553711,100.0,99.6253890991211,99.84957885742192,100.0,99.9895782470703,100.0,100.0
Armenia,99.2275009155273,99.8000030517578,99.6057968139648,99.62896728515629,99.4199981689453,99.7099990844727,100.0,99.8000030517578,99.6999969482422,99.9000015258789,100.0,100.0
Antigua and Barbuda,98.4812774658203,98.5972366333008,94.5520172119141,100.0,100.0,100.0,100.0,100.0,100.0,100.0,100.0,100.0
Australia,100.0,100.0,100.0,100.0,100.0,100.0,100.0,100.0,100.0,100.0,100.0,100.0
Austria,100.0,100.0,100.0,100.0,100.0,100.0,100.0,100.0,100.0,100.0,100.0,100.0
Azerbaijan,99.8542251586914,99.9437942504883,99.9000015258789,100.0,100.0,100.0,100.0,100.0,100.0,100.0,100.0,100.0
Burundi,5.3990168571472195,5.300000190734861,6.12268400192261,6.5,6.900000095367429,7.0,8.42765235900879,9.348409652709961,9.30000019073486,10.884908676147498,11.3565282821655,11.735555648803699
Belgium,100.0,100.0,100.0,100.0,100.0,100.0,100.0,100.0,100.0,100.0,100.0,100.0
Benin,29.9751510620117,34.2000007629395,36.9000015258789,38.4000015258789,34.691219329834,34.0999984741211,29.6200008392334,37.095245361328104,34.5,39.246917724609396,40.3286895751953,41.410957336425795
Burkina Faso,12.630000114440902,13.1000003814697,14.8084144592285,15.1179943084717,15.405642509460401,19.2000007629395,16.0769748687744,16.641056060790998,17.2140426635742,14.3999996185303,18.3748550415039,18.957239151001
Bangladesh,57.56884765625,55.2599983215332,59.5999984741211,66.1555709838867,61.5,62.4000015258789,74.9037399291992,75.9199981689453,88.0,91.8000030517578,92.1999969482422,96.1999969482422
Bulgaria,100.0,100.0,100.0,100.0,100.0,100.0,100.0,100.0,100.0,100.0,100.0,99.6999969482422
Bahrain,100.0,100.0,100.0,100.0,100.0,100.0,100.0,100.0,100.0,100.0,100.0,100.0
"Bahamas, The",100.0,100.0,100.0,100.0,100.0,100.0,100.0,100.0,100.0,100.0,100.0,100.0
Bosnia and Herzegovina,100.0,100.0,99.70578002929692,100.0,99.5,100.0,99.6999969482422,100.0,100.0,100.0,100.0,100.0
Belarus,100.0,100.0,100.0,100.0,100.0,100.0,100.0,100.0,100.0,100.0,100.0,100.0
Belize,86.84542846679692,89.9172210693359,91.68173217773442,90.9959182739258,91.1861038208008,91.3642578125,91.8000030517578,93.2223129272461,94.1890106201172,91.72000122070308,92.72000122070308,97.1133346557617
Bermuda,100.0,100.0,100.0,100.0,100.0,100.0,100.0,100.0,100.0,100.0,100.0,100.0
Bolivia,86.76559448242192,87.8863143920898,88.33594512939449,90.3873748779297,89.5056838989258,90.03872680664058,91.52281951904301,91.8000030517578,91.8000030517578,92.8000030517578,95.0800018310547,97.5541229248047
Brazil,98.85694122314449,98.5999984741211,99.3286895751953,99.5194931030273,99.5751495361328,99.6502456665039,99.7108993530273,99.6999969482422,99.8000030517578,99.6999969482422,99.8000030517578,100.0
Barbados,100.0,100.0,100.0,100.0,100.0,100.0,100.0,100.0,100.0,100.0,100.0,100.0
Brunei Darussalam,100.0,100.0,100.0,100.0,100.0,100.0,100.0,100.0,100.0,100.0,100.0,100.0
Bhutan,71.5038986206055,73.2829132080078,81.76708984375,91.5,87.45114135742192,91.48351287841801,95.5307159423828,99.5897903442383,97.6999969482422,99.974365234375,100.0,100.0
Botswana,43.3600006103516,52.0177803039551,53.2400016784668,56.0188140869141,57.9919204711914,59.952995300293,62.130001068115206,64.1750564575195,67.40000152587889,68.2292633056641,69.95973968505861,71.994758605957
Central African Republic,9.252875328063961,9.80000019073486,10.246647834777802,10.8688611984253,11.4691410064697,12.057396888732901,12.727029800415002,13.533816337585401,14.299541473388699,14.8423757553101,14.3000001907349,15.465084075927699
Canada,100.0,100.0,100.0,100.0,100.0,100.0,100.0,100.0,100.0,100.0,100.0,100.0
Central Europe and the Baltics,100.0,100.0,100.0,100.0,100.0,100.0,100.0,99.82783441267219,100.0,100.0,100.0,99.97964003333021
Switzerland,100.0,100.0,100.0,100.0,100.0,100.0,100.0,100.0,100.0,100.0,100.0,100.0
Channel Islands,100.0,100.0,100.0,100.0,100.0,100.0,100.0,100.0,100.0,100.0,100.0,100.0
Chile,99.59365844726558,99.53839111328129,99.58819580078129,100.0,99.5999984741211,100.0,99.71484375,100.0,99.6999969482422,100.0,100.0,100.0
China,99.2089004516602,99.6999969482422,99.84872436523442,99.9619293212891,99.9964447021484,100.0,100.0,100.0,100.0,100.0,100.0,100.0
Cote d'Ivoire,57.3151054382324,58.30146789550779,55.7999992370605,55.7999992370605,61.3625907897949,61.9000015258789,62.5999984741211,64.3000030517578,65.59999847412111,67.1473922729492,68.4595565795898,69.6791229248047
Cameroon,51.6441535949707,52.7595558166504,53.7000007629395,55.039154052734396,56.2078132629395,56.7999992370605,58.5955924987793,59.8087768554688,61.0308647155762,62.2000007629395,63.4898796081543,64.7213668823242
"Congo, Dem. Rep.",12.1150150299072,12.7440509796143,13.3884449005127,15.3999996185303,14.7332000732422,13.5,16.1482429504395,17.0418376922607,17.9165096282959,18.5682907104492,19.1000003814697,19.1000003814697
"Congo, Rep.",37.0999984741211,39.7886199951172,40.7216911315918,41.5999984741211,42.543972015380895,43.4321212768555,44.401649475097706,45.508327484130895,46.573947906494105,47.416675567627,48.407474517822294,49.5171012878418
Colombia,96.0572280883789,96.7889938354492,96.693603515625,97.0321731567383,97.7794189453125,97.7909393310547,98.18689727783199,98.4000015258789,98.5,98.5,99.75592041015629,100.0
Comoros,60.3732833862305,69.80770874023439,69.42580413818361,69.3000030517578,69.7684478759766,72.1627960205078,74.5719833374023,76.9930419921875,79.4230041503906,81.8589096069336,84.2977752685547,86.7371368408203
Cabo Verde,74.00318908691409,81.0999984741211,82.3562469482422,83.3587646484375,84.3393478393555,85.3079071044922,86.3578414916992,87.54492950439449,88.6909637451172,90.41175079345699,91.4000015258789,94.1617431640625
Costa Rica,99.4098052978516,98.99573516845699,99.2323455810547,99.5032958984375,99.5635147094727,99.3592910766602,99.4098052978516,99.5,99.5999984741211,99.6999969482422,99.7099990844727,99.9000015258789
Caribbean small states,92.1911863434161,93.40706039247591,93.3906480037973,94.4029957151005,94.8869223835886,94.80175087515292,95.66592873646731,96.69120817880709,97.29971146254559,97.68603013647991,98.221954027314,98.8189268976713
Cuba,97.3830947875977,97.55664825439449,97.7455673217773,97.9525527954102,98.1793670654297,98.4239883422852,98.6834564208984,98.9547882080078,99.2350311279297,99.52120971679692,99.8000030517578,100.0
Curacao,99.9549026489258,100.0,100.0,100.0,100.0,100.0,100.0,100.0,100.0,100.0,100.0,100.0
Cayman Islands,100.0,100.0,100.0,100.0,100.0,100.0,100.0,100.0,100.0,100.0,100.0,100.0
Cyprus,100.0,100.0,100.0,100.0,100.0,100.0,100.0,100.0,100.0,100.0,100.0,100.0
Czech Republic,100.0,100.0,100.0,100.0,100.0,100.0,100.0,100.0,100.0,100.0,100.0,100.0
Germany,100.0,100.0,100.0,100.0,100.0,100.0,100.0,100.0,100.0,100.0,100.0,100.0
Djibouti,56.1747894287109,56.1799507141113,56.200469970703104,54.5999984741211,56.2974739074707,56.618839263915994,57.5785636901855,58.675445556640604,60.2000007629395,60.5641860961914,61.2119293212891,61.7670822143555
Dominica,92.82656860351558,94.17394256591801,95.5366744995117,96.91748046875,98.31810760498051,99.7365493774414,99.8290176391602,99.9835357666016,100.0,100.0,100.0,100.0
Denmark,100.0,100.0,100.0,100.0,100.0,100.0,100.0,100.0,100.0,100.0,100.0,100.0
Dominican Republic,97.85775756835942,98.14541625976558,97.8988723754883,97.8670501708984,98.38585662841801,98.47097778320308,98.56036376953129,98.9000015258789,100.0,98.9000015258789,99.0,100.0
Algeria,98.84518432617192,98.8589324951172,98.88803100585942,98.7646636962891,99.00220489501949,99.0870132446289,99.1866607666016,99.35025024414058,99.63549041748051,99.6978378295898,99.5,99.8041305541992
East Asia & Pacific (excluding high income),94.6285878733675,95.04888518036431,95.71615316605221,96.001969136835,96.2321106504147,96.3731078718911,96.7862505186502,96.8965489458648,97.6250324881794,97.6468051489065,97.85089598908431,97.80289269540471
Early-demographic dividend,77.6762938957043,78.364963865646,75.1718689357295,81.10460835489769,82.26525487881109,83.1131680571248,85.73149882183,87.0192357449593,89.37683677109399,91.11032606213459,92.25127605609819,93.3822156743267
East Asia & Pacific,95.1658764816872,95.5426436840747,96.14162161324009,96.3971680759818,96.6026789439967,96.72825171414341,97.09967976389281,97.198108141376,97.8548149745798,97.8737145984247,98.05755678962669,98.0133338488244
Europe & Central Asia (excluding high income),99.91447973186649,99.93952173318621,99.9244805349554,99.9557778282364,99.94688661782541,99.9600521967667,98.2698785814502,99.9747014231173,99.9801380333328,99.98109065116051,99.9844410157369,99.98920108194429
Europe & Central Asia,99.9637749415269,99.9742658159395,99.9678361247815,99.9810754122,99.9772262352054,99.9828399900704,99.2553035277639,99.96962217158381,99.9914164447254,99.9918353726555,99.99325153054359,99.99532134451509
Ecuador,96.4708633422852,97.4621429443359,96.8726959228516,97.1949310302734,98.03467559814449,98.97606658935551,98.8258819580078,98.6999969482422,99.1999969482422,98.6999969482422,99.08999633789058,98.8499984741211
"Egypt, Arab Rep.",98.8697128295898,99.3945541381836,99.4521636962891,99.6999969482422,99.8503875732422,99.8000030517578,99.3000030517578,100.0,100.0,100.0,100.0,100.0
Euro area,100.0,100.0,100.0,100.0,100.0,100.0,100.0,100.0,100.0,100.0,100.0,100.0
Eritrea,39.0650978088379,40.1831207275391,41.316501617431605,42.467948913574205,43.6392288208008,44.828311920165994,46.0322418212891,47.2480392456055,48.4727439880371,49.7033843994141,50.9369926452637,52.17109680175779
Spain,100.0,100.0,100.0,100.0,100.0,100.0,100.0,100.0,100.0,100.0,100.0,100.0
Estonia,100.0,100.0,100.0,100.0,100.0,100.0,100.0,100.0,100.0,100.0,100.0,100.0
Ethiopia,23.690038681030302,25.409936904907198,23.0,28.8985195159912,30.671672821044897,27.2000007629395,29.0,42.9000015258789,44.2999992370605,44.940601348877,48.063591003418,51.0939826965332
European Union,100.0,100.0,100.0,100.0,100.0,100.0,100.0,99.96019627664431,100.0,100.0,100.0,99.9953512380042
Fragile and conflict affected situations,45.6509055331886,46.1928702094421,48.0779060415145,49.364977007434,50.8552575663457,50.3528446282428,50.3612530137864,54.592984248556206,54.9309353165559,55.033622053359394,55.8566912409178,56.537250991541995
Finland,100.0,100.0,100.0,100.0,100.0,100.0,100.0,100.0,100.0,100.0,100.0,100.0
Fiji,87.1348648071289,89.2485809326172,90.14612579345699,91.07083129882808,91.75,93.7866058349609,95.16824340820308,96.5617446899414,96.0,99.3725051879883,99.71588134765629,100.0
France,100.0,100.0,100.0,100.0,100.0,100.0,100.0,100.0,100.0,100.0,100.0,100.0
Faroe Islands,100.0,100.0,100.0,100.0,100.0,100.0,100.0,100.0,100.0,100.0,100.0,100.0
"Micronesia, Fed. Sts.",62.4268074035645,64.53151702880861,66.5939865112305,68.4323654174805,70.2488174438477,72.0532455444336,73.9390563964844,75.9620132446289,77.94390869140629,79.7029113769531,81.2767333984375,82.92591857910159
Gabon,82.7426986694336,89.4617233276367,88.8595657348633,89.3000030517578,86.4000015258789,86.9643096923828,87.37686157226558,88.20382690429692,86.2699966430664,89.8815155029297,90.7262954711914,91.57156372070308
United Kingdom,100.0,100.0,100.0,100.0,100.0,100.0,100.0,100.0,100.0,100.0,100.0,100.0
Georgia,100.0,100.0,100.0,100.0,100.0,100.0,100.0,100.0,100.0,99.9000015258789,100.0,100.0
Ghana,60.990779876709006,64.1999969482422,64.06256103515629,56.5099983215332,70.6999969482422,78.3000030517578,74.07884216308591,79.3000030517578,79.0,80.4000015258789,83.5,85.87355041503909
Gibraltar,100.0,100.0,100.0,100.0,100.0,100.0,100.0,100.0,100.0,100.0,100.0,100.0
Guinea,26.649526596069304,27.955623626709,29.2770805358887,26.2000007629395,31.9759578704834,33.353118896484396,34.7451210021973,33.5,35.4000015258789,45.0,42.2000007629395,44.6686782836914
"Gambia, The",43.039192199707,46.655277252197294,48.2470855712891,49.8279304504395,51.5,52.9337272644043,54.5619888305664,56.3274078369141,56.2000007629395,60.2999992370605,62.0999984741211,62.273067474365206
Guinea-Bissau,4.699999809265139,6.0,13.3999118804932,14.8038854598999,16.227689743042,17.2000007629395,20.0531539916992,22.968791961669897,26.0,28.495056152343803,30.961557388305696,33.3354682922363
Equatorial Guinea,65.5923614501953,66.1572647094727,66.09999847412111,65.7359466552734,65.8208084106445,65.923469543457,66.0409774780273,66.1703567504883,66.3086395263672,66.45285797119139,66.6000442504883,66.7477264404297
Greece,100.0,100.0,100.0,100.0,100.0,100.0,100.0,100.0,100.0,100.0,100.0,100.0
Grenada,88.9352569580078,89.28466033935551,88.8000030517578,90.0322494506836,90.43490600585942,90.85537719726558,91.2906875610352,91.7378692626953,92.1939544677734,92.3000030517578,93.12096405029301,93.5864486694336
Greenland,100.0,100.0,100.0,100.0,100.0,100.0,100.0,100.0,100.0,100.0,100.0,100.0
Guatemala,83.0785293579102,84.2757110595703,84.0264129638672,86.7188568115234,87.9692916870117,85.49436950683591,90.52062225341801,91.81558227539058,93.3000030517578,94.4292373657227,95.74200439453129,97.05526733398442
Guam,100.0,100.0,100.0,100.0,100.0,100.0,100.0,100.0,100.0,100.0,100.0,100.0
Guyana,77.5999984741211,83.0916290283203,84.0845413208008,85.0664825439453,86.0264892578125,86.9000015258789,88.0038375854492,89.1703567504883,90.2958145141602,91.1983795166016,91.9157562255859,92.5405426025391
High income,99.9504340640924,99.9486889580269,99.95561428830709,99.9654235625918,99.95709151984809,99.97069420955299,99.96909468861651,99.95847509677981,99.97133102953079,99.9818667011525,99.9850468228112,99.98829845100842
"Hong Kong SAR, China",100.0,100.0,100.0,100.0,100.0,100.0,100.0,100.0,100.0,100.0,100.0,100.0
Honduras,78.2696838378906,80.9846649169922,82.19529724121091,83.60772705078129,87.1848831176758,88.6537704467773,89.9817123413086,91.5999984741211,86.5,91.5999984741211,91.0999984741211,93.2067108154297
Heavily indebted poor countries (HIPC),27.031980070155697,28.813019582574896,29.3114018944102,32.0804253256714,32.979931643361695,35.5266810110775,35.463828191651295,40.6985075121105,41.598266537877,44.2125126513089,44.98610281940821,46.542406946377604
Croatia,100.0,100.0,100.0,100.0,100.0,100.0,100.0,100.0,100.0,100.0,100.0,100.0
Haiti,36.5422210693359,37.0556221008301,37.5843849182129,37.9000015258789,38.6978759765625,39.496410369873,40.83628463745121,40.4000015258789,43.749271392822294,44.962345123290994,45.990234375,46.925533294677706
Hungary,100.0,100.0,100.0,100.0,100.0,100.0,100.0,100.0,100.0,100.0,100.0,100.0
IBRD only,90.7685116888337,91.4597041187166,89.1974921552317,92.7899866046313,93.4911011286849,94.0601143778238,95.2149875196826,95.7785636381204,96.72575421281971,97.78261008740209,98.317338005068,98.7784470650345
IDA & IBRD total,79.874102899189,80.3230213255202,79.0800261573907,82.1512029840409,82.752294705696,83.24241872642901,84.39860613210091,85.6781285175771,86.7430415281495,87.89333810626529,88.421488295289,89.021668566695
IDA total,44.029759351690394,44.213118040535896,46.6485323894008,48.4953794158634,49.1813741348396,49.83397158155189,51.412193650603896,55.2706241315303,57.081161843245894,58.87974892938829,59.834578125757396,61.2261731828994
IDA blend,58.1232299752804,57.111153007131605,61.686336949634,61.248091629038704,62.28384663580171,61.253104199271604,61.446648910967795,65.3969706445058,63.80249153124121,65.9321070935129,66.9988649272964,67.8680694575568
Indonesia,93.5500030517578,94.1500015258789,94.8300018310547,96.0,96.4642562866211,97.01000213623051,97.5373687744141,97.62000274658199,98.1399993896484,98.51000213623051,98.8499984741211,96.9499969482422
IDA only,36.9621075180568,37.744227093033,39.0751701329825,42.075107529652,42.574391003618395,44.067174162940006,46.33851474207599,50.146152420622606,53.6782127607647,55.3026984203386,56.2071437164948,57.85930757302361
Isle of Man,100.0,100.0,100.0,100.0,100.0,100.0,100.0,100.0,100.0,100.0,100.0,100.0
India,75.0,76.3000030517578,67.59999847412111,79.9000015258789,81.99932861328129,83.87249755859379,88.0,89.2177963256836,92.1249465942383,95.6999969482422,97.3082656860352,99.0
Ireland,100.0,100.0,100.0,100.0,100.0,100.0,100.0,100.0,100.0,100.0,100.0,100.0
"Iran, Islamic Rep.",99.7099990844727,99.4910430908203,99.5726470947266,99.64328002929692,99.8300018310547,100.0,99.9599990844727,99.9499969482422,99.94000244140629,100.0,100.0,100.0
Iraq,98.11988067626949,98.2809677124023,98.0,99.3000030517578,98.8662796020508,99.0984344482422,99.34542846679692,99.6043014526367,99.8720703125,99.9000015258789,99.99200439453129,100.0
Iceland,100.0,100.0,100.0,100.0,100.0,100.0,100.0,100.0,100.0,100.0,100.0,100.0
Israel,100.0,100.0,100.0,100.0,100.0,100.0,100.0,100.0,100.0,100.0,100.0,100.0
Italy,100.0,100.0,100.0,100.0,100.0,100.0,100.0,100.0,100.0,100.0,100.0,100.0
Jamaica,91.0267791748047,92.1999969482422,91.0999984741211,93.0999984741211,93.9000015258789,93.3000030517578,94.9000015258789,96.7379837036133,97.6095809936523,98.48712158203129,99.3676223754883,100.0
Jordan,99.4000015258789,100.0,99.6515655517578,99.5,99.7014389038086,99.7484970092773,99.8981704711914,99.9588241577148,100.0,99.9000015258789,100.0,99.9000015258789
Japan,100.0,100.0,100.0,100.0,100.0,100.0,100.0,100.0,100.0,100.0,100.0,100.0
Kazakhstan,100.0,100.0,99.7974700927734,100.0,100.0,100.0,100.0,100.0,100.0,100.0,100.0,100.0
Kenya,23.0,19.2000007629395,36.0356559753418,37.990966796875,39.9661064147949,36.0,41.5999984741211,53.0999984741211,55.976409912109396,61.284572601318395,69.6999969482422,71.4379425048828
Kyrgyz Republic,99.5,99.0,98.3199996948242,99.8000030517578,98.9300003051758,99.8000030517578,98.69000244140629,99.7099990844727,100.0,100.0,99.87423706054692,99.98104858398442
Cambodia,43.112152099609396,31.100000381469698,50.3072624206543,53.9305648803711,57.5736961364746,56.0999984741211,64.91042327880861,69.5443115234375,89.0699996948242,81.0756530761719,84.0,86.4000015258789
Kiribati,64.19000244140629,63.1677360534668,74.84373474121091,76.6912612915039,78.9310607910156,83.4539489746094,90.5581817626953,92.7996139526367,86.1764450073242,88.1031646728516,90.0328521728516,91.9630279541016
St. Kitts and Nevis,97.5912246704102,99.84339141845699,100.0,100.0,100.0,100.0,100.0,100.0,100.0,100.0,100.0,100.0
"Korea, Rep.",100.0,100.0,100.0,100.0,100.0,100.0,100.0,100.0,100.0,100.0,100.0,100.0
Kuwait,100.0,100.0,100.0,100.0,100.0,100.0,100.0,100.0,100.0,100.0,100.0,100.0
Latin America & Caribbean (excluding high income),95.03554117416729,95.55817401581508,95.91615562964229,96.2966093390769,96.6218522275548,96.7643312731723,97.0478296986236,97.2921973137585,97.5890151640539,97.6121483776992,97.9268787211912,98.38595441907749
Lao PDR,67.35939788818361,70.1499404907227,70.0,76.3666305541992,79.5762557983398,83.1340408325195,89.6999969482422,90.54953002929692,93.5999984741211,97.7971572875977,99.0920867919922,100.0
Lebanon,99.23448944091801,99.4744110107422,99.6840133666992,99.5067596435547,99.49551391601558,99.4823226928711,99.5831756591797,99.7256240844727,99.8798294067383,99.6999969482422,99.9748687744141,100.0
Liberia,1.89999997615814,5.16266441345215,4.099999904632569,9.10747241973877,9.80000019073486,9.39999961853027,15.161735534667999,17.7000007629395,24.2000007629395,22.8791332244873,23.100000381469698,27.534709930419897
Libya,83.3463592529297,81.6502227783203,79.9694519042969,78.30674743652341,76.6638717651367,75.03880310058591,73.42857360839841,71.8302230834961,70.2407684326172,67.0,68.6424026489258,69.7073516845703
St. Lucia,93.71856689453129,94.1999969482422,94.7525177001953,95.3434219360352,95.8573837280273,96.4376373291016,97.0327377319336,97.63970947265629,98.2798080444336,98.8773956298828,99.5021820068359,100.0
Latin America & Caribbean,95.3834203479418,95.8559291449332,96.1815745221752,96.5612720699835,96.84061824602101,97.03050441162371,97.28133589039119,97.4839542523825,97.7351044734811,97.8022655062656,98.0940252889238,98.5161272840617
Least developed countries: UN classification,32.5119587662897,33.0881755132663,34.8124077044345,38.2963875067201,38.3772135407499,39.618098971666996,42.5340263288604,46.4522752203525,50.3420612549504,52.189399358310204,52.9290034230591,54.6963805479401
Low income,24.5818867900176,26.098489835911497,26.7625744502807,29.7093822781639,30.7303087589889,32.1871838496715,32.0544916275416,37.233143065048,38.8767763861764,40.5490839955387,41.4766654177545,42.988145215162
Liechtenstein,100.0,100.0,100.0,100.0,100.0,100.0,100.0,100.0,100.0,100.0,100.0,100.0
Sri Lanka,87.08999633789058,85.3000030517578,87.76000213623051,87.0,90.1999969482422,92.66051483154301,94.35186767578129,97.5,97.5,99.5648727416992,99.7585678100586,100.0
Lower middle income,73.7808017933631,74.3371747969462,71.8659548995431,77.5606284166019,78.7468548236515,79.6298401401201,82.3722521315214,83.91969532657309,85.8600383830672,88.0468832451158,89.0598996805966,90.1148576430344
Low & middle income,79.28918642922571,79.7637911764725,78.5182431211802,81.64128826516979,82.2662257147907,82.7709616746405,83.9572952097615,85.2726749370657,86.36427952400591,87.53843802549808,88.0860238243696,88.70552869871891
Lesotho,17.0,17.0,22.405441284179698,20.5599994659424,26.766014099121104,27.7999992370605,31.6773338317871,35.071590423584,33.7000007629395,47.0,44.5002098083496,47.35273742675779
Late-demographic dividend,97.90192143635592,98.3983674174885,98.6552228838437,98.7606031014138,98.9300637579697,98.94248529147508,98.83106813064279,99.1720921423574,99.29089576358429,99.3070055271163,99.3741150003138,99.46371858180771
Lithuania,100.0,100.0,100.0,100.0,100.0,100.0,100.0,100.0,100.0,100.0,100.0,100.0
Luxembourg,100.0,100.0,100.0,100.0,100.0,100.0,100.0,100.0,100.0,100.0,100.0,100.0
Latvia,100.0,100.0,100.0,100.0,100.0,100.0,100.0,100.0,100.0,100.0,100.0,100.0
"Macao SAR, China",100.0,100.0,100.0,100.0,100.0,100.0,100.0,100.0,100.0,100.0,100.0,100.0
St. Martin (French part),99.9549026489258,100.0,100.0,100.0,100.0,100.0,100.0,100.0,100.0,100.0,100.0,100.0
Morocco,85.5201644897461,92.67137908935551,93.4464340209961,94.2105178833008,97.1999969482422,91.5999984741211,97.3000030517578,97.8000030517578,100.0,98.0999984741211,99.5999984741211,100.0
Monaco,100.0,100.0,100.0,100.0,100.0,100.0,100.0,100.0,100.0,100.0,100.0,100.0
Moldova,100.0,100.0,100.0,100.0,100.0,100.0,100.0,100.0,99.9800033569336,99.98999786376949,100.0,100.0
Madagascar,17.3999996185303,12.3000001907349,14.3000001907349,18.7000007629395,12.8999996185303,22.2350730895996,23.005933761596697,22.899999618530302,24.100000381469698,36.5,31.0400009155273,33.735076904296896
Maldives,99.9000015258789,99.1568603515625,99.27725219726558,99.3866729736328,99.4741668701172,100.0,99.7064743041992,100.0,99.8000030517578,100.0,100.0,100.0
Middle East & North Africa,94.9071465563945,95.7446617079924,95.7977707558595,95.3840788839275,97.0777197620124,96.07405221064379,96.521936038803,96.828269246969,97.6873814189416,96.2830490526466,97.2308525888101,97.3559358494581
Mexico,98.19821166992192,99.2366943359375,99.0281524658203,99.11163330078129,99.14769744873051,99.1729278564453,99.0,99.5,100.0,99.5,99.5999984741211,99.4000015258789
Marshall Islands,81.7832794189453,89.23388671875,89.9196090698242,90.5608062744141,91.1968536376953,91.8208770751953,92.52627563476558,93.3688278198242,94.2973480224609,95.91629028320308,97.53820037841801,99.1606063842773
Middle income,84.7677675427355,85.2192719837406,83.85835200602921,87.0717816189739,87.7283225741927,88.20565141740342,89.61240596370821,90.58240771289441,91.68975555441651,92.8904696235987,93.47804741625559,94.08459666849821
North Macedonia,99.1999969482422,100.0,99.72616577148442,100.0,100.0,100.0,100.0,100.0,100.0,99.8000030517578,100.0,100.0
Mali,24.0308952331543,26.912050247192397,28.6844539642334,25.600000381469698,32.285228729248,34.113338470459,37.5999984741211,38.789821624755895,34.779998779296896,50.9000015258789,47.836277008056605,50.5614166259766
Malta,100.0,100.0,100.0,100.0,100.0,100.0,100.0,100.0,100.0,100.0,100.0,100.0
Myanmar,51.73490905761721,48.7999992370605,54.0064277648926,55.1679344177246,56.349273681640604,52.0,60.5,55.5999984741211,69.8148345947266,66.2272796630859,68.358528137207,70.3971939086914
Middle East & North Africa (excluding high income),94.1128726215839,95.065142177974,95.114009477721,94.62184721964941,96.5895930621542,95.4121580369907,95.930948298055,96.2946497171632,97.29614882671801,95.6422700598537,96.75266929349209,96.89944083092041
Montenegro,100.0,100.0,99.0,100.0,99.6999969482422,97.6999969482422,100.0,100.0,100.0,100.0,100.0,100.0
Mongolia,80.72850036621091,78.502082824707,72.0570755004883,84.4836120605469,81.1999969482422,87.07882690429692,88.40017700195308,89.83840942382808,92.51256561279301,98.0999984741211,97.2299118041992,98.0999984741211
Northern Mariana Islands,100.0,100.0,100.0,100.0,100.0,100.0,100.0,100.0,100.0,100.0,100.0,100.0
Mozambique,15.0,18.8027362823486,20.2000007629395,21.2326068878174,22.4201278686523,24.7999992370605,24.0,26.246520996093803,24.2999992370605,31.100000381469698,29.6744499206543,30.603832244873
Mauritania,31.1152858734131,33.9595146179199,35.1663208007813,36.3621597290039,37.536064147949205,38.7999992370605,39.5,41.321617126464794,42.9000015258789,44.312137603759794,45.83003234863279,47.348419189453104
Mauritius,98.95763397216801,99.69000244140629,99.5999984741211,99.5686187744141,99.4805068969727,99.38037109375,99.3616104125977,99.48001098632808,99.6100006103516,99.44884490966801,100.0,99.66165161132808
Malawi,8.28544425964355,8.699999809265138,7.599999904632571,7.400000095367429,9.0,11.8999996185303,10.8000001907349,11.0,12.6999998092651,18.020000457763697,11.1999998092651,14.8667688369751
Malaysia,99.3000030517578,99.37405395507808,99.4654693603516,99.8000030517578,99.6044464111328,99.65093994140629,99.77881622314449,99.9000015258789,99.95248413085942,99.9922409057617,100.0,100.0
North America,100.0,100.0,100.0,100.0,100.0,100.0,100.0,100.0,100.0,100.0,100.0,100.0
Namibia,44.0999984741211,44.6107368469238,42.2999992370605,46.6318588256836,47.4000015258789,48.728515625,51.5999984741211,49.7000007629395,52.5,54.0028953552246,55.1770896911621,56.258693695068395
New Caledonia,100.0,100.0,100.0,100.0,100.0,100.0,100.0,100.0,100.0,100.0,100.0,100.0
Niger,12.326806068420401,13.2774925231934,14.3000001907349,14.3999996185303,15.170005798339801,15.7705421447754,16.6000003814697,17.271520614624,18.049526214599602,17.6000003814697,18.9745712280273,19.2519092559814
Nigeria,49.8825073242188,48.0,55.9000015258789,53.2312431335449,55.5999984741211,54.0482292175293,52.5,59.2999992370605,54.4000015258789,56.5,55.4000015258789,55.4000015258789
Nicaragua,77.9163131713867,78.1512145996094,78.72869873046879,79.63916015625,80.8234405517578,81.8530731201172,83.24932861328129,84.6401138305664,85.98983764648442,87.1166763305664,88.0583267211914,88.90737915039058
Netherlands,100.0,100.0,100.0,100.0,100.0,100.0,100.0,100.0,100.0,100.0,100.0,100.0
Norway,100.0,100.0,100.0,100.0,100.0,100.0,100.0,100.0,100.0,100.0,100.0,100.0
Nepal,59.7936668395996,68.59999847412111,67.2600021362305,74.9659729003906,77.466194152832,84.9000015258789,82.5239562988281,90.6999969482422,87.8963470458984,93.9199981689453,89.9000015258789,89.9000015258789
Nauru,99.17211151123051,99.1706314086914,99.0,99.2164459228516,99.2682113647461,99.3377914428711,99.0,99.71288299560551,99.8700408935547,99.92822265625,100.0,100.0
New Zealand,100.0,100.0,100.0,100.0,100.0,100.0,100.0,100.0,100.0,100.0,100.0,100.0
OECD members,99.68897636056221,99.8105647791882,99.7889688978717,99.81385498275641,99.83757738035341,99.844136019506,99.83793114531841,99.89476963141908,99.94009489638441,99.8976007455723,99.95255091595371,99.9432847912632
Oman,100.0,100.0,100.0,100.0,100.0,100.0,100.0,100.0,100.0,100.0,100.0,100.0
Other small states,63.8981080792348,66.0223162849505,68.0511603878361,69.245647616577,70.2581600666113,71.4222684342084,72.83977764230059,74.0521560652843,75.0975405297539,77.2757900827205,78.1356912200475,79.1946737448482
Pakistan,70.6971130371094,70.7680206298828,70.8542785644531,70.958610534668,71.0827713012695,71.224739074707,71.3815460205078,71.5502243041992,70.7900009155273,72.7831039428711,74.1276931762695,75.3796920776367
Panama,87.4024124145508,86.8499984741211,88.96221923828129,89.7678680419922,89.0999984741211,91.43663787841801,92.29476928710942,93.1647720336914,93.6999969482422,94.9285202026367,95.8163299560547,96.7046356201172
Peru,86.42431640625,88.1230621337891,89.70748901367192,91.0995101928711,92.13536834716801,92.9199905395508,93.85218048095699,94.1999969482422,94.8000030517578,95.1999969482422,95.55136108398442,99.3118133544922
Philippines,84.3000030517578,85.39764404296879,87.1999969482422,87.0800018310547,87.5,89.72036743164058,89.0800018310547,92.0665054321289,93.0,94.4482650756836,95.64508056640629,96.8423843383789
Palau,98.6330947875977,98.71261596679692,98.80750274658199,97.6304244995117,99.05323028564449,99.810302734375,99.3692398071289,100.0,100.0,100.0,100.0,100.0
Papua New Guinea,17.2000007629395,19.5,32.9173202514648,35.275886535644496,37.6542854309082,40.0504913330078,42.8782196044922,49.4000015258789,54.4000015258789,55.727386474609396,59.6629753112793,60.4000015258789
Poland,100.0,100.0,100.0,100.0,100.0,100.0,100.0,100.0,100.0,100.0,100.0,100.0
Pre-demographic dividend,32.023039615594804,32.6398338143008,36.030280961807705,37.512444816877704,38.2738828315984,39.7984085339085,39.9451612527293,44.6038118319197,44.3294360744407,47.1705865273304,47.5468721039675,48.4464380996085
Puerto Rico,100.0,100.0,100.0,100.0,100.0,100.0,100.0,100.0,100.0,100.0,100.0,100.0
"Korea, Dem. People's Rep.",26.0,29.2511825561523,31.492002487182603,33.7508888244629,36.0296058654785,38.3261299133301,40.6374969482422,42.9607353210449,45.292877197265604,47.630954742431605,49.97200012207029,52.3135452270508
Portugal,100.0,100.0,100.0,100.0,100.0,100.0,100.0,100.0,100.0,100.0,100.0,100.0
Paraguay,96.8913345336914,97.4308624267578,98.2365570068359,97.8356170654297,99.0158843994141,99.0007171630859,99.33153533935551,98.4000015258789,99.3000030517578,99.5999984741211,99.6999969482422,100.0
West Bank and Gaza,99.9000015258789,99.9000015258789,99.6999969482422,99.8000030517578,99.9000015258789,99.9000015258789,99.9000015258789,100.0,99.6999969482422,100.0,100.0,100.0
Pacific island small states,64.8992675120188,70.001589163519,71.4676917219428,72.930107686659,72.4476525194257,76.69726533119109,79.2763830283827,81.2203404993929,82.2705103387144,84.59163917865159,86.0064848271962,87.6160393715237
Post-demographic dividend,99.97241645709829,99.9743668518813,99.975046408321,99.97312364696622,99.9794748969496,99.98368241322571,99.98547026290208,99.9892481895009,99.9921580985287,99.99510942893471,99.997963727551,99.99813813068408
French Polynesia,100.0,100.0,100.0,100.0,100.0,100.0,100.0,100.0,100.0,100.0,100.0,100.0
Qatar,100.0,100.0,100.0,100.0,100.0,100.0,100.0,100.0,100.0,100.0,100.0,100.0
Romania,100.0,100.0,100.0,100.0,100.0,100.0,100.0,99.0999984741211,100.0,100.0,100.0,100.0
Russian Federation,100.0,100.0,100.0,100.0,100.0,100.0,95.5,100.0,100.0,100.0,100.0,100.0
Rwanda,15.4454612731934,9.69999980926514,10.8000001907349,17.5,15.1999998092651,19.7999992370605,22.7999992370605,29.3700008392334,34.0999984741211,36.9681510925293,40.3686065673828,46.5999984741211
South Asia,72.3629661110379,73.1894514438115,67.05361625882969,77.48938986485159,78.7140736481405,80.7598449184455,84.6089876014908,86.29912811592051,89.39993503230829,92.713015793386,94.04364038016979,95.78428943000921
Saudi Arabia,100.0,100.0,100.0,100.0,100.0,100.0,100.0,99.9000015258789,99.9300003051758,100.0,100.0,100.0
Sudan,29.0,38.03977584838871,39.8208045959473,41.5919952392578,43.3435173034668,44.9000015258789,46.903106689453104,48.849403381347706,50.7547187805176,52.4470024108887,53.9625396728516,55.3897018432617
Senegal,53.5,56.5,56.5,56.5,57.0,61.0,60.5,64.5,61.7000007629395,66.0,70.4000015258789,70.3689422607422
Singapore,100.0,100.0,100.0,100.0,100.0,100.0,100.0,100.0,100.0,100.0,100.0,100.0
Solomon Islands,21.2000007629395,34.774806976318395,38.6799926757813,42.574211120605504,44.7000007629395,50.306758880615206,55.0999984741211,58.32719421386721,62.9000015258789,66.1797637939453,69.80941772460939,73.3464813232422
Sierra Leone,14.579927444458,11.4621734619141,14.1999998092651,16.9765110015869,13.5,18.6660308837891,19.5345363616943,20.2999992370605,23.399999618530302,26.100000381469698,22.7000007629395,26.200885772705103
El Salvador,91.0840225219727,91.5802383422852,92.5746841430664,93.68057250976558,95.0431060791016,95.1254196166992,95.4000015258789,96.0,96.8000030517578,97.0,97.3600006103516,100.0
San Marino,100.0,100.0,100.0,100.0,100.0,100.0,100.0,100.0,100.0,100.0,100.0,100.0
Somalia,25.329666137695302,52.1633453369141,51.968112945556605,51.76191711425779,51.5337905883789,51.293636322021506,51.134860992431605,51.11323547363279,52.0999984741211,50.764976501464794,49.2000007629395,49.7308692932129
Serbia,100.0,99.7183990478516,100.0,100.0,99.9199981689453,99.66079711914058,99.9000015258789,100.0,100.0,100.0,99.8000030517578,100.0
Sub-Saharan Africa (excluding high income),32.4805912301798,33.2959415264349,35.8701604550253,36.810229928477604,37.9422132831239,38.2876441783558,39.0680288898584,43.74607838752421,43.7264940830521,46.365859427237396,47.1001070492797,48.3466019487037
South Sudan,3.0,1.5,2.68468475341797,3.13636112213135,3.60786819458008,4.09718370437622,4.60133981704712,5.1173677444458,4.19999980926514,6.173169612884519,6.707006931304929,7.24133825302124
Sub-Saharan Africa,32.487234020506,33.302522134095604,35.876258275626796,36.8161552261,37.9479417155027,38.2934627763418,39.0737470627612,43.7512869889935,43.7316298787366,46.3706722370329,47.1047724048359,48.351078786269596
Small states,69.6361185605843,71.691413972668,73.21939566727879,74.3398469639856,75.1076094940272,76.17560355897459,77.5122127891837,78.6869152504605,79.6047683641777,81.4202504033816,82.2147461442119,83.188520273414
Sao Tome and Principe,56.9000015258789,61.3721580505371,62.5111427307129,57.9000015258789,64.8450775146484,68.59999847412111,67.24929809570311,69.3205184936523,74.2699966430664,71.0,74.9672012329102,76.5590896606445
Suriname,94.5496139526367,91.19751739501949,94.4109344482422,94.36734008789058,94.3435821533203,94.3376312255859,94.89523315429692,95.81631469726558,96.6963348388672,97.4000015258789,97.8254165649414,98.20477294921879
Slovak Republic,100.0,100.0,100.0,100.0,100.0,100.0,100.0,100.0,100.0,100.0,100.0,100.0
Slovenia,100.0,100.0,100.0,100.0,100.0,100.0,100.0,100.0,100.0,100.0,100.0,100.0
Sweden,100.0,100.0,100.0,100.0,100.0,100.0,100.0,100.0,100.0,100.0,100.0,100.0
Eswatini,38.5999984741211,45.552337646484396,51.148006439209006,54.3662261962891,57.5625152587891,65.0,64.0124130249023,63.4300003051758,73.5,73.9157791137695,76.8694381713867,79.7304992675781
Sint Maarten (Dutch part),99.9549026489258,100.0,100.0,100.0,100.0,100.0,100.0,100.0,100.0,100.0,100.0,100.0
Seychelles,96.8292617797852,97.0,98.1479644775391,98.39136505126949,98.0,100.0,100.0,100.0,100.0,100.0,100.0,100.0
Syrian Arab Republic,91.0272445678711,92.6999969482422,91.5147247314453,90.7931900024414,90.1493988037109,89.97549438476558,89.8164291381836,89.6692352294922,89.53094482421879,86.0,89.2692108154297,89.14031982421879
Turks and Caicos Islands,100.0,100.0,100.0,93.0999984741211,100.0,100.0,100.0,100.0,100.0,100.0,100.0,99.4000015258789
Chad,6.233111381530759,6.400000095367429,8.97999954223633,7.8354058265686,8.12655830383301,8.40568542480469,7.699999809265139,9.26384735107422,10.8999996185303,10.1140403747559,8.39999961853027,11.080117225647
East Asia & Pacific (IDA & IBRD countries),95.49835438874581,95.8809225563884,96.5262079766799,96.78446025461041,96.98637379652891,97.0981761584916,97.48572165765292,97.5666952219646,98.27341829219802,98.2653169595471,98.4422738157447,98.3644734669623
Europe & Central Asia (IDA & IBRD countries),99.9267823194483,99.948116310366,99.9351858340402,99.9619796245363,99.9542813281277,99.9655729275915,98.5070793146613,99.9391438151003,99.98281941716742,99.9836360467292,99.9865143284425,99.99063693975691
Togo,33.6091270446777,30.791744232177702,39.7000007629395,38.9980621337891,40.831367492675795,45.7000007629395,44.647590637207,46.765010833740206,48.0,50.0,52.363109588623,53.997432708740206
Thailand,98.9599990844727,99.6999969482422,99.35183715820308,99.1086273193359,99.4405746459961,99.46194458007808,99.5999984741211,99.8499603271484,99.9000015258789,99.8199996948242,99.9000015258789,100.0
Tajikistan,99.0,98.67150115966801,98.71685791015629,99.0999984741211,98.8635482788086,98.9646224975586,98.0,99.20831298828129,99.3000030517578,99.3000030517578,99.63320922851558,99.779296875
Turkmenistan,99.5960540771484,100.0,99.87741088867192,99.8958358764648,99.9120941162109,99.9351043701172,100.0,99.98989868164058,99.99624633789058,100.0,99.9000015258789,100.0
Latin America & the Caribbean (IDA & IBRD countries),95.30395587693491,95.78848332962221,96.1193050542958,96.506706161557,96.78963160249322,96.9807365163084,97.23404986521629,97.43764657318769,97.6908695790534,97.7554200036585,98.0499073446023,98.47915998646731
Timor-Leste,46.22367858886721,38.0,52.6573677062988,55.8999557495117,59.1623764038086,62.4426078796387,67.2815322875977,76.5,79.7789611816406,85.3814010620117,90.7986526489258,96.1233139038086
Middle East & North Africa (IDA & IBRD countries),94.046819070853,95.00950078349291,95.0608421854216,94.5614133895615,96.5507248700755,95.359168319104,95.8838313534103,96.25042889198309,97.2673724057373,95.58964960611219,96.7131270524313,96.8613853148127
Tonga,91.9417495727539,92.6767196655273,92.1754531860352,92.8000030517578,94.9836654663086,95.78970336914058,100.0,97.0199966430664,98.361572265625,99.132568359375,98.4000015258789,100.0
South Asia (IDA & IBRD),72.3629661110379,73.1894514438115,67.05361625882969,77.48938986485159,78.7140736481405,80.7598449184455,84.6089876014908,86.29912811592051,89.39993503230829,92.713015793386,94.04364038016979,95.78428943000921
Sub-Saharan Africa (IDA & IBRD countries),32.487234020506,33.302522134095604,35.876258275626796,36.8161552261,37.9479417155027,38.2934627763418,39.0737470627612,43.7512869889935,43.7316298787366,46.3706722370329,47.1047724048359,48.351078786269596
Trinidad and Tobago,99.0,100.0,100.0,100.0,100.0,100.0,100.0,100.0,100.0,100.0,100.0,100.0
Tunisia,99.5,99.5,99.5,99.5,99.6999969482422,99.8000030517578,99.9000015258789,100.0,100.0,99.8000030517578,100.0,100.0
Turkiye,99.8508758544922,100.0,100.0,100.0,100.0,100.0,100.0,100.0,100.0,100.0,100.0,100.0
Tuvalu,96.4051513671875,96.6302719116211,96.8707504272461,97.6717758178711,97.4076766967773,97.703857421875,98.01488494873051,97.3000030517578,98.8538360595703,99.0653839111328,99.6999969482422,99.6892318725586
Tanzania,11.1999998092651,14.8000001907349,14.1999998092651,15.3000001907349,16.3999996185303,23.5,26.1706371307373,32.7999992370605,32.251174926757805,35.048023223877,37.65968704223629,39.9000015258789
Uganda,10.0,12.1000003814697,14.6000003814697,20.319271087646502,13.8999996185303,20.3999996185303,18.5,26.7000007629395,32.5211524963379,41.9199981689453,41.2999992370605,42.0744171142578
Ukraine,100.0,100.0,100.0,99.86749267578129,100.0,100.0,100.0,100.0,100.0,100.0,100.0,100.0
Upper middle income,98.26358952870198,98.69230435676279,98.8363763219042,99.0226733644837,99.08953954592751,99.1269062322344,98.89688780473558,99.18525078786449,99.2667350051684,99.23690770787691,99.30921926319901,99.37388381907141
Uruguay,99.0999984741211,99.3000030517578,99.1699981689453,99.5999984741211,99.61180877685551,99.6570816040039,99.70948028564449,99.6999969482422,99.8000030517578,99.8000030517578,99.9000015258789,100.0
United States,100.0,100.0,100.0,100.0,100.0,100.0,100.0,100.0,100.0,100.0,100.0,100.0
Uzbekistan,99.8529052734375,99.9128875732422,99.9614410400391,99.9898223876953,99.99887084960942,100.0,100.0,100.0,100.0,100.0,100.0,100.0
St. Vincent and the Grenadines,91.4826202392578,92.799560546875,94.1318588256836,95.4822235107422,96.8524169921875,98.2404251098633,99.6432723999023,99.80084228515629,99.9777069091797,100.0,100.0,100.0
"Venezuela, RB",98.94910430908199,99.0549468994141,98.83999633789058,99.2080764770508,99.2572174072266,100.0,100.0,99.4000015258789,99.1999969482422,99.9112014770508,99.97681427001949,100.0
British Virgin Islands,98.33197021484379,98.3000030517578,98.6572952270508,98.8501663208008,99.02111053466801,99.18002319335942,100.0,100.0,100.0,100.0,100.0,100.0
Virgin Islands (U.S.),100.0,100.0,100.0,100.0,100.0,100.0,100.0,100.0,100.0,100.0,100.0,100.0
Vietnam,96.0999984741211,97.4300003051758,99.0,97.8899993896484,98.55496215820308,99.1999969482422,99.8213043212891,99.1999969482422,100.0,100.0,99.4000015258789,100.0
Vanuatu,33.2911148071289,44.0999984741211,41.935329437255895,43.7895278930664,31.7000007629395,49.057445526123,52.2051010131836,57.8199996948242,62.7999992370605,61.754512786865206,64.59018707275389,67.3332672119141
World,82.8490466924778,83.222540790747,82.16658346998209,84.74071018555091,85.2404163421732,85.6483211848158,86.6195198542236,87.696898830206,88.59405172849209,89.5665317255006,90.0117847056585,90.5215692111686
Samoa,97.9000015258789,96.36105346679692,96.66857147216801,96.82693481445308,97.41653442382808,97.9000015258789,99.0670852661133,99.623291015625,96.8000030517578,99.99447631835942,99.1999969482422,100.0
Kosovo,99.0909090909091,99.0,99.375,99.75,99.75,99.6800003051758,99.8600006103516,99.8000030517578,99.8000030517578,99.9000015258789,100.0,100.0
"Yemen, Rep.",59.5012397766113,60.6751937866211,61.864505767822294,52.4099998474121,75.5999984741211,66.09999847412111,67.3109283447266,68.859504699707,79.1999969482422,62.0,72.7510757446289,73.757926940918
South Africa,82.5999984741211,82.9000015258789,83.5999984741211,85.3000030517578,85.1999969482422,85.9000015258789,85.3000030517578,83.9000015258789,84.4000015258789,84.6999969482422,85.0,84.3855361938477
Zambia,26.5030708312988,22.0,28.159009933471697,29.0127258300781,29.886272430419897,27.899999618530302,31.100000381469698,35.425453186035206,40.2999992370605,40.31789016723629,43.0,44.5244750976563
Zimbabwe,43.369083404540994,38.7825508117676,36.9000015258789,44.0,40.498374938964794,32.2999992370605,33.7000007629395,42.561729431152294,44.17863464355471,45.5726470947266,46.7814750671387,52.7476692199707
